{
  "Ansi 7 Color (Light)" : {
    "Red Component" : 0.7810397744178772,
    "Color Space" : "sRGB",
    "Blue Component" : 0.78104829788208008,
    "Alpha Component" : 1,
    "Green Component" : 0.78105825185775757
  },
  "Ansi 15 Color (Light)" : {
    "Red Component" : 0.99999600648880005,
    "Color Space" : "sRGB",
    "Blue Component" : 1,
    "Alpha Component" : 1,
    "Green Component" : 1
  },
  "Ansi 2 Color (Light)" : {
    "Red Component" : 0,
    "Color Space" : "sRGB",
    "Blue Component" : 0,
    "Alpha Component" : 1,
    "Green Component" : 0.7607843279838562
  },
  "Bold Color" : {
    "Red Component" : 0.062745101749897003,
    "Color Space" : "sRGB",
    "Blue Component" : 0.062745101749897003,
    "Alpha Component" : 1,
    "Green Component" : 0.062745101749897003
  },
  "Ansi 1 Color (Dark)" : {
    "Red Component" : 0.68855589628219604,
    "Color Space" : "Calibrated",
    "Blue Component" : 0.34168937802314758,
    "Alpha Component" : 1,
    "Green Component" : 0.29435792565345764
  },
  "Use Bright Bold" : true,
  "Ansi 9 Color (Light)" : {
    "Red Component" : 0.8659515380859375,
    "Color Space" : "sRGB",
    "Blue Component" : 0.45833224058151245,
    "Alpha Component" : 1,
    "Green Component" : 0.47524076700210571
  },
  "Ansi 8 Color (Dark)" : {
    "Red Component" : 0.23306176066398621,
    "Color Space" : "Calibrated",
    "Blue Component" : 0.34064260125160217,
    "Alpha Component" : 1,
    "Green Component" : 0.2652154266834259
  },
  "Background Color" : {
    "Red Component" : 0.97999999999999998,
    "Color Space" : "sRGB",
    "Blue Component" : 0.97999999999999998,
    "Alpha Component" : 1,
    "Green Component" : 0.97999999999999998
  },
  "Columns" : 80,
  "Ansi 8 Color" : {
    "Red Component" : 0.40781760215759277,
    "Color Space" : "sRGB",
    "Blue Component" : 0.4078223705291748,
    "Alpha Component" : 1,
    "Green Component" : 0.40782788395881653
  },
  "Right Option Key Sends" : 0,
  "Ansi 4 Color (Light)" : {
    "Red Component" : 0.15404300391674042,
    "Color Space" : "sRGB",
    "Blue Component" : 0.78216177225112915,
    "Alpha Component" : 1,
    "Green Component" : 0.26474356651306152
  },
  "Blinking Cursor" : false,
  "Selected Text Color (Light)" : {
    "Red Component" : 0,
    "Color Space" : "sRGB",
    "Blue Component" : 0,
    "Alpha Component" : 1,
    "Green Component" : 0
  },
  "Selected Text Color (Dark)" : {
    "Red Component" : 0.81214714050292969,
    "Color Space" : "Calibrated",
    "Blue Component" : 0.89225924015045166,
    "Alpha Component" : 1,
    "Green Component" : 0.83857882022857666
  },
  "Ansi 3 Color (Dark)" : {
    "Red Component" : 0.89902019500732422,
    "Color Space" : "Calibrated",
    "Blue Component" : 0.47280269861221313,
    "Alpha Component" : 1,
    "Green Component" : 0.75577855110168457
  },
  "Keyboard Map" : {
    "f702-0x300000" : {
      "Action" : 11,
      "Text" : "0x1"
    },
    "f702-0x280000" : {
      "Action" : 10,
      "Text" : "b"
    },
    "f703-0x280000" : {
      "Action" : 10,
      "Text" : "f"
    },
    "0xf72b-0x0-0x77" : {
      "Version" : 2,
      "Apply Mode" : 0,
      "Action" : 11,
      "Text" : "0x05",
      "Escaping" : 2
    },
    "f728-0x80000" : {
      "Action" : 10,
      "Text" : "d"
    },
    "0xf729-0x0-0x73" : {
      "Version" : 2,
      "Apply Mode" : 0,
      "Action" : 11,
      "Text" : "0x01 0x61",
      "Escaping" : 2
    },
    "0x7f-0x100000" : {
      "Action" : 11,
      "Text" : "0x15"
    },
    "f703-0x300000" : {
      "Action" : 11,
      "Text" : "0x5"
    },
    "0x7f-0x80000" : {
      "Action" : 11,
      "Text" : "\"0x1b 0x7f\""
    },
    "f728-0x0" : {
      "Action" : 11,
      "Text" : "0x4"
    }
  },
  "Visual Bell" : true,
  "Cursor Text Color" : {
    "Red Component" : 1,
    "Color Space" : "sRGB",
    "Blue Component" : 1,
    "Alpha Component" : 1,
    "Green Component" : 1
  },
  "Scrollback Lines" : 1000,
  "Selection Color (Light)" : {
    "Red Component" : 0.70196080207824707,
    "Color Space" : "sRGB",
    "Blue Component" : 1,
    "Alpha Component" : 1,
    "Green Component" : 0.84313726425170898
  },
  "Ansi 0 Color" : {
    "Red Component" : 0.078431375324726105,
    "Color Space" : "sRGB",
    "Blue Component" : 0.11764705926179886,
    "Alpha Component" : 1,
    "Green Component" : 0.098039217293262482
  },
  "Match Background Color (Dark)" : {
    "Red Component" : 1,
    "Color Space" : "P3",
    "Blue Component" : 0,
    "Alpha Component" : 1,
    "Green Component" : 1
  },
  "Ansi 11 Color (Light)" : {
    "Red Component" : 0.9259033203125,
    "Color Space" : "sRGB",
    "Blue Component" : 0,
    "Alpha Component" : 1,
    "Green Component" : 0.8833775520324707
  },
  "Ansi 5 Color (Dark)" : {
    "Red Component" : 0.64283657073974609,
    "Color Space" : "Calibrated",
    "Blue Component" : 0.61571133136749268,
    "Alpha Component" : 1,
    "Green Component" : 0.47487166523933411
  },
  "Cursor Text Color (Light)" : {
    "Red Component" : 1,
    "Color Space" : "sRGB",
    "Blue Component" : 1,
    "Alpha Component" : 1,
    "Green Component" : 1
  },
  "Silence Bell" : true,
  "Rows" : 25,
  "Draw Powerline Glyphs" : false,
  "Guid" : "210B7B13-E138-4AFF-B31B-E9ED834933CD",
  "Ansi 14 Color (Dark)" : {
    "Red Component" : 0.49344515800476074,
    "Color Space" : "Calibrated",
    "Blue Component" : 0.67779052257537842,
    "Alpha Component" : 1,
    "Green Component" : 0.68614721298217773
  },
  "Ansi 15 Color (Dark)" : {
    "Red Component" : 0.90727746486663818,
    "Color Space" : "Calibrated",
    "Blue Component" : 0.94574689865112305,
    "Alpha Component" : 1,
    "Green Component" : 0.92092084884643555
  },
  "Ansi 0 Color (Dark)" : {
    "Red Component" : 0.17621420323848724,
    "Color Space" : "Calibrated",
    "Blue Component" : 0.25300124287605286,
    "Alpha Component" : 1,
    "Green Component" : 0.19692185521125793
  },
  "Ambiguous Double Width" : false,
  "Option Key Sends" : 0,
  "Ansi 3 Color" : {
    "Red Component" : 0.78058648109436035,
    "Color Space" : "sRGB",
    "Blue Component" : 0,
    "Alpha Component" : 1,
    "Green Component" : 0.76959484815597534
  },
  "Window Type" : 0,
  "BM Growl" : true,
  "Prompt Before Closing 2" : false,
  "Command" : "",
  "Selected Text Color" : {
    "Red Component" : 0,
    "Color Space" : "sRGB",
    "Blue Component" : 0,
    "Alpha Component" : 1,
    "Green Component" : 0
  },
  "Ansi 14 Color (Light)" : {
    "Red Component" : 0.37597531080245972,
    "Color Space" : "sRGB",
    "Blue Component" : 1,
    "Alpha Component" : 1,
    "Green Component" : 0.99263292551040649
  },
  "Cursor Guide Color (Dark)" : {
    "Red Component" : 0.17621420323848724,
    "Color Space" : "Calibrated",
    "Blue Component" : 0.25300124287605286,
    "Alpha Component" : 1,
    "Green Component" : 0.19692185521125793
  },
  "ASCII Ligatures" : true,
  "Send Code When Idle" : false,
  "Ansi 6 Color" : {
    "Red Component" : 0,
    "Color Space" : "sRGB",
    "Blue Component" : 0.78166204690933228,
    "Alpha Component" : 1,
    "Green Component" : 0.77425903081893921
  },
  "Jobs to Ignore" : [
    "rlogin",
    "ssh",
    "slogin",
    "telnet"
  ],
  "Badge Color (Dark)" : {
    "Red Component" : 0.20252507925033569,
    "Color Space" : "Calibrated",
    "Blue Component" : 0.29600727558135986,
    "Alpha Component" : 0.7057952880859375,
    "Green Component" : 0.23046499490737915
  },
  "Cursor Color" : {
    "Red Component" : 0,
    "Color Space" : "sRGB",
    "Blue Component" : 0,
    "Alpha Component" : 1,
    "Green Component" : 0
  },
  "Vertical Spacing" : 1.02,
  "Bound Hosts" : [

  ],
  "Disable Window Resizing" : true,
  "Close Sessions On End" : true,
  "Selection Color (Dark)" : {
    "Red Component" : 0.23306176066398621,
    "Color Space" : "Calibrated",
    "Blue Component" : 0.34064260125160217,
    "Alpha Component" : 1,
    "Green Component" : 0.2652154266834259
  },